date,T_high,T_low,h_rain,h_snow,h_all_precip,temp_src_id,precip_src_id
2014-01-01,7.2,6.1,0.6,0.0,0.6,29411.0,
2014-01-02,8.5,6.1,0.0,0.0,0.0,29411.0,
2014-01-03,7.1,5.9,7.6,0.0,7.6,29411.0,
2014-01-04,6.2,3.0,0.0,0.0,0.0,29411.0,
2014-01-05,4.8,1.9,0.0,0.0,0.0,29411.0,
2014-01-06,5.1,2.3,4.4,0.0,4.4,29411.0,
2014-01-07,6.9,4.4,0.9,0.0,0.9,29411.0,
2014-01-08,8.6,6.7,6.8,0.0,6.8,29411.0,
2014-01-09,8.1,5.3,3.5,0.0,3.5,29411.0,
2014-01-10,7.7,6.1,60.0,0.0,60.0,29411.0,
2014-01-11,10.0,5.5,11.8,0.0,11.8,29411.0,
2014-01-12,7.7,4.8,0.5,0.0,0.5,29411.0,
2014-01-13,10.2,4.8,0.0,0.0,0.0,29411.0,
2014-01-14,8.4,4.6,0.0,0.0,0.0,29411.0,
2014-01-15,7.6,4.9,0.0,0.0,0.0,29411.0,
2014-01-16,7.0,5.4,0.0,0.0,0.0,29411.0,
2014-01-17,6.3,4.0,0.0,0.0,0.0,29411.0,
2014-01-18,6.4,2.9,0.0,0.0,0.0,29411.0,
2014-01-19,6.4,5.5,0.0,0.0,0.0,29411.0,
2014-01-20,6.0,4.7,0.0,0.0,0.0,29411.0,
2014-01-21,6.2,3.4,0.0,0.0,0.0,29411.0,
2014-01-22,6.3,4.1,0.0,0.0,0.0,29411.0,
2014-01-23,5.5,3.6,0.0,0.0,0.0,29411.0,
2014-01-24,6.1,3.2,0.0,0.0,0.0,29411.0,
2014-01-25,6.4,3.1,0.0,0.0,0.0,29411.0,
2014-01-26,4.0,1.5,0.0,0.0,0.0,29411.0,
2014-01-27,6.6,2.2,1.7,0.0,1.7,29411.0,
2014-01-28,6.9,5.7,6.8,0.0,6.8,29411.0,
2014-01-29,7.5,6.2,2.8,0.0,2.8,29411.0,
2014-01-30,7.0,4.3,3.1,0.0,3.1,29411.0,
2014-01-31,5.9,3.2,0.0,0.0,0.0,29411.0,
2014-02-01,4.4,3.3,0.0,0.0,0.0,29411.0,
2014-02-02,4.5,2.8,0.0,40.0,4.0,29411.0,
2014-02-03,4.3,0.7,0.0,0.0,0.0,29411.0,
2014-02-04,2.9,-1.4,0.0,0.0,0.0,29411.0,
2014-02-05,0.6,-1.7,0.0,0.0,0.0,29411.0,
2014-02-06,0.1,-2.6,0.0,0.0,0.0,29411.0,
2014-02-07,1.0,-1.7,0.0,0.0,0.0,29411.0,
2014-02-08,3.1,-1.4,0.0,0.0,0.0,29411.0,
2014-02-09,3.6,0.6,0.0,40.0,4.0,29411.0,
2014-02-10,7.1,1.1,4.5,0.0,4.5,29411.0,
2014-02-11,7.9,3.6,24.4,0.0,24.4,29411.0,
2014-02-12,9.1,6.1,3.4,0.0,3.4,29411.0,
2014-02-13,12.3,6.0,18.0,0.0,18.0,29411.0,
2014-02-14,11.6,4.5,0.8,0.0,0.8,29411.0,
2014-02-15,7.5,5.3,27.1,0.0,27.1,29411.0,
2014-02-16,7.2,3.2,24.8,0.0,24.8,29411.0,
2014-02-17,7.6,4.5,4.4,0.0,4.4,29411.0,
2014-02-18,8.1,5.0,4.0,0.0,4.0,29411.0,
2014-02-19,7.7,4.0,1.6,0.0,1.6,29411.0,
2014-02-20,9.2,4.2,2.4,0.0,2.4,29411.0,
2014-02-21,5.9,3.9,0.0,210.0,21.0,29411.0,
2014-02-22,4.6,0.7,0.0,150.0,15.0,29411.0,
2014-02-23,3.0,0.4,2.0,0.0,2.0,29411.0,
2014-02-24,2.0,0.1,0.0,0.0,0.0,29411.0,
2014-02-25,5.2,1.2,0.0,0.0,0.0,29411.0,
2014-02-26,5.0,2.8,0.1,0.0,0.1,29411.0,
2014-02-27,8.1,4.2,0.0,0.0,0.0,29411.0,
2014-02-28,7.2,3.5,0.0,0.0,0.0,29411.0,
2014-03-01,7.1,1.3,0.0,0.0,0.0,29411.0,
2014-03-02,4.7,0.9,3.2,0.0,3.2,29411.0,
2014-03-03,8.6,4.3,3.2,0.0,3.2,29411.0,
2014-03-04,5.5,1.4,14.6,0.0,14.6,29411.0,
2014-03-05,7.8,2.7,22.8,0.0,22.8,29411.0,
2014-03-06,11.6,7.0,1.0,0.0,1.0,29411.0,
2014-03-07,10.1,4.4,3.0,0.0,3.0,29411.0,
2014-03-08,8.7,7.2,18.6,0.0,18.6,29411.0,
2014-03-09,9.9,6.2,0.0,0.0,0.0,29411.0,
2014-03-10,9.5,6.0,0.0,0.0,0.0,29411.0,
2014-03-11,9.0,4.1,0.0,0.0,0.0,29411.0,
2014-03-12,9.0,4.0,0.0,0.0,0.0,29411.0,
2014-03-13,9.0,5.8,3.2,0.0,3.2,29411.0,
2014-03-14,11.3,7.3,4.1,0.0,4.1,29411.0,
2014-03-15,9.5,7.3,22.0,0.0,22.0,29411.0,
2014-03-16,10.3,5.0,2.2,0.0,2.2,29411.0,
2014-03-17,8.2,5.7,0.0,0.0,0.0,29411.0,
2014-03-18,7.0,5.5,2.0,0.0,2.0,29411.0,
2014-03-19,9.1,4.4,5.4,0.0,5.4,29411.0,
2014-03-20,8.6,3.9,0.0,0.0,0.0,29411.0,
2014-03-21,7.5,4.7,0.0,0.0,0.0,29411.0,
2014-03-22,5.9,3.9,1.6,0.0,1.6,29411.0,
2014-03-23,8.4,4.8,0.0,0.0,0.0,29411.0,
2014-03-24,12.2,5.1,2.6,0.0,2.6,29411.0,
2014-03-25,11.7,6.9,14.0,0.0,14.0,29411.0,
2014-03-26,9.8,6.7,5.0,0.0,5.0,29411.0,
2014-03-27,8.8,6.5,4.6,0.0,4.6,29411.0,
2014-03-28,9.1,7.2,22.6,0.0,22.6,29411.0,
2014-03-29,9.9,7.7,4.2,0.0,4.2,29411.0,
2014-03-30,12.6,7.0,0.4,0.0,0.4,29411.0,
2014-03-31,9.9,5.9,0.0,0.0,0.0,29411.0,
2014-04-01,11.4,7.6,0.0,0.0,0.0,29411.0,
2014-04-02,10.4,7.1,0.0,0.0,0.0,29411.0,
2014-04-03,10.7,8.0,3.8,0.0,3.8,29411.0,
2014-04-04,11.0,7.4,0.0,0.0,0.0,29411.0,
2014-04-05,8.8,6.1,1.2,0.0,1.2,29411.0,
2014-04-06,9.9,7.1,0.4,0.0,0.4,29411.0,
2014-04-07,11.6,8.4,0.0,0.0,0.0,29411.0,
2014-04-08,13.8,9.7,0.0,0.0,0.0,29411.0,
2014-04-09,11.5,7.3,0.0,0.0,0.0,29411.0,
2014-04-10,10.5,6.4,0.4,0.0,0.4,29411.0,
2014-04-11,13.2,6.8,0.0,0.0,0.0,29411.0,
2014-04-12,13.8,8.1,0.0,0.0,0.0,29411.0,
2014-04-13,13.7,7.3,0.0,0.0,0.0,29411.0,
2014-04-14,14.0,6.7,0.0,0.0,0.0,29411.0,
2014-04-15,12.8,8.5,9.2,0.0,9.2,29411.0,
2014-04-16,10.6,8.3,5.0,0.0,5.0,29411.0,
2014-04-17,10.1,7.2,4.2,0.0,4.2,29411.0,
2014-04-18,10.9,6.3,1.2,0.0,1.2,29411.0,
2014-04-19,11.2,7.7,0.4,0.0,0.4,29411.0,
2014-04-20,10.7,7.7,3.8,0.0,3.8,29411.0,
2014-04-21,9.2,7.9,2.2,0.0,2.2,29411.0,
2014-04-22,11.6,7.3,1.5,0.0,1.5,29411.0,
2014-04-23,10.5,6.9,19.5,0.0,19.5,29411.0,
2014-04-24,12.5,8.1,0.5,0.0,0.5,29411.0,
2014-04-25,12.5,6.2,0.0,0.0,0.0,29411.0,
2014-04-26,10.5,6.4,2.1,0.0,2.1,29411.0,
2014-04-27,10.9,7.3,0.4,0.0,0.4,29411.0,
2014-04-28,11.4,6.0,0.0,0.0,0.0,29411.0,
2014-04-29,14.6,9.6,0.0,0.0,0.0,29411.0,
2014-04-30,16.6,10.4,0.0,0.0,0.0,29411.0,
2014-05-01,19.1,12.0,0.0,0.0,0.0,29411.0,
2014-05-02,15.8,12.0,0.5,0.0,0.5,29411.0,
2014-05-03,13.8,10.3,9.1,0.0,9.1,29411.0,
2014-05-04,11.0,9.1,1.4,0.0,1.4,29411.0,
2014-05-05,14.5,8.7,0.0,0.0,0.0,29411.0,
2014-05-06,15.5,9.7,0.0,0.0,0.0,29411.0,
2014-05-07,13.9,9.7,0.0,0.0,0.0,29411.0,
2014-05-08,12.4,10.2,9.3,0.0,9.3,29411.0,
2014-05-09,15.2,9.9,3.4,0.0,3.4,29411.0,
2014-05-10,14.4,9.0,0.0,0.0,0.0,29411.0,
2014-05-11,16.4,10.0,0.0,0.0,0.0,29411.0,
2014-05-12,16.9,11.6,0.2,0.0,0.2,29411.0,
2014-05-13,17.9,13.3,0.0,0.0,0.0,29411.0,
2014-05-14,20.9,14.0,0.0,0.0,0.0,29411.0,
2014-05-15,19.8,15.8,0.0,0.0,0.0,29411.0,
2014-05-16,17.7,13.6,0.0,0.0,0.0,29411.0,
2014-05-17,15.4,12.0,3.0,0.0,3.0,29411.0,
2014-05-18,18.2,11.3,0.0,0.0,0.0,29411.0,
2014-05-19,18.1,12.7,0.2,0.0,0.2,29411.0,
2014-05-20,18.4,13.9,0.0,0.0,0.0,29411.0,
2014-05-21,16.1,12.4,0.0,0.0,0.0,29411.0,
2014-05-22,15.9,12.5,5.0,0.0,5.0,29411.0,
2014-05-23,15.2,12.9,0.0,0.0,0.0,29411.0,
2014-05-24,15.4,11.9,0.0,0.0,0.0,29411.0,
2014-05-25,13.6,11.5,6.8,0.0,6.8,29411.0,
2014-05-26,16.5,11.3,0.8,0.0,0.8,29411.0,
2014-05-27,16.7,11.9,0.0,0.0,0.0,29411.0,
2014-05-28,16.6,12.6,0.4,0.0,0.4,29411.0,
2014-05-29,15.0,12.5,3.5,0.0,3.5,29411.0,
2014-05-30,17.9,12.8,0.0,0.0,0.0,29411.0,
2014-05-31,19.7,14.1,0.0,0.0,0.0,29411.0,
2014-06-01,19.8,14.3,0.0,0.0,0.0,29411.0,
2014-06-02,19.0,13.4,0.0,0.0,0.0,29411.0,
2014-06-03,19.0,13.5,0.0,0.0,0.0,29411.0,
2014-06-04,17.4,12.9,0.0,0.0,0.0,29411.0,
2014-06-05,17.2,12.1,0.0,0.0,0.0,29411.0,
2014-06-06,18.0,13.0,0.0,0.0,0.0,29411.0,
2014-06-07,22.8,15.5,0.0,0.0,0.0,29411.0,
2014-06-08,18.3,14.6,0.0,0.0,0.0,29411.0,
2014-06-09,19.4,13.5,2.8,0.0,2.8,29411.0,
2014-06-10,17.9,10.9,0.0,0.0,0.0,192.0,
2014-06-11,18.4,13.5,0.0,0.0,0.0,29411.0,
2014-06-12,19.4,14.6,0.0,0.0,0.0,29411.0,
2014-06-13,18.7,14.7,0.0,0.0,0.0,29411.0,
2014-06-14,16.8,12.3,0.0,0.0,0.0,29411.0,
2014-06-15,15.7,12.1,1.8,0.0,1.8,29411.0,
2014-06-16,18.3,12.5,0.0,0.0,0.0,29411.0,
2014-06-17,17.7,13.3,0.0,0.0,0.0,29411.0,
2014-06-18,15.6,13.0,0.0,0.0,0.0,29411.0,
2014-06-19,15.3,13.6,0.8,0.0,0.8,29411.0,
2014-06-20,16.0,11.6,0.0,0.0,0.0,29411.0,
2014-06-21,19.3,11.2,0.0,0.0,0.0,29411.0,
2014-06-22,20.1,13.0,0.0,0.0,0.0,29411.0,
2014-06-23,19.0,14.9,2.0,0.0,2.0,29411.0,
2014-06-24,18.2,14.9,3.4,0.0,3.4,29411.0,
2014-06-25,20.5,15.3,0.0,0.0,0.0,29411.0,
2014-06-26,21.2,16.5,4.4,0.0,4.4,29411.0,
2014-06-27,17.7,13.2,3.6,0.0,3.6,29411.0,
2014-06-28,17.1,13.4,0.0,0.0,0.0,29411.0,
2014-06-29,17.2,13.8,1.5,0.0,1.5,29411.0,
2014-06-30,20.1,12.5,0.0,0.0,0.0,29411.0,
2014-07-01,23.0,16.1,0.0,0.0,0.0,29411.0,
2014-07-02,22.8,17.9,0.0,0.0,0.0,29411.0,
2014-07-03,19.5,15.4,0.0,0.0,0.0,29411.0,
2014-07-04,16.5,14.4,0.0,0.0,0.0,29411.0,
2014-07-05,17.3,15.2,2.8,0.0,2.8,29411.0,
2014-07-06,19.7,15.0,0.4,0.0,0.4,29411.0,
2014-07-07,21.3,16.9,0.0,0.0,0.0,29411.0,
2014-07-08,23.2,17.6,0.0,0.0,0.0,29411.0,
2014-07-09,21.6,16.5,0.0,0.0,0.0,29411.0,
2014-07-10,21.1,16.1,0.0,0.0,0.0,29411.0,
2014-07-11,23.9,17.4,0.0,0.0,0.0,29411.0,
2014-07-12,25.1,17.5,0.0,0.0,0.0,29411.0,
2014-07-13,26.0,17.9,0.0,0.0,0.0,29411.0,
2014-07-14,27.5,18.9,0.0,0.0,0.0,29411.0,
2014-07-15,25.1,16.8,0.0,0.0,0.0,29411.0,
2014-07-16,23.8,18.5,0.0,0.0,0.0,29411.0,
2014-07-17,22.5,17.9,0.0,0.0,0.0,29411.0,
2014-07-18,20.4,17.2,0.0,0.0,0.0,29411.0,
2014-07-19,23.1,17.0,0.0,0.0,0.0,29411.0,
2014-07-20,18.8,14.8,2.2,0.0,2.2,29411.0,
2014-07-21,19.4,15.1,0.0,0.0,0.0,29411.0,
2014-07-22,18.4,14.8,0.0,0.0,0.0,29411.0,
2014-07-23,17.9,14.2,14.6,0.0,14.6,29411.0,
2014-07-24,17.6,13.6,0.0,0.0,0.0,29411.0,
2014-07-25,19.6,14.5,0.0,0.0,0.0,29411.0,
2014-07-26,21.0,14.1,0.0,0.0,0.0,29411.0,
2014-07-27,21.9,16.0,0.0,0.0,0.0,29411.0,
2014-07-28,25.6,18.3,0.0,0.0,0.0,29411.0,
2014-07-29,24.7,18.0,0.0,0.0,0.0,29411.0,
2014-07-30,23.4,18.4,0.0,0.0,0.0,29411.0,
2014-07-31,23.6,18.7,0.0,0.0,0.0,29411.0,
2014-08-01,24.4,19.0,0.0,0.0,0.0,29411.0,
2014-08-02,25.7,18.6,0.0,0.0,0.0,29411.0,
2014-08-03,24.0,18.5,0.0,0.0,0.0,29411.0,
2014-08-04,23.6,18.3,0.0,0.0,0.0,29411.0,
2014-08-05,22.3,17.9,0.0,0.0,0.0,29411.0,
2014-08-06,22.5,17.4,0.0,0.0,0.0,29411.0,
2014-08-07,21.0,16.7,0.0,0.0,0.0,29411.0,
2014-08-08,21.0,17.2,0.0,0.0,0.0,29411.0,
2014-08-09,22.9,17.4,0.0,0.0,0.0,29411.0,
2014-08-10,25.0,19.0,0.0,0.0,0.0,29411.0,
2014-08-11,24.4,19.6,0.0,0.0,0.0,29411.0,
2014-08-12,23.4,19.7,0.0,0.0,0.0,29411.0,
2014-08-13,21.3,16.9,2.0,0.0,2.0,29411.0,
2014-08-14,21.4,16.6,7.6,0.0,7.6,29411.0,
2014-08-15,19.4,16.3,0.0,0.0,0.0,29411.0,
2014-08-16,21.7,17.1,0.0,0.0,0.0,29411.0,
2014-08-17,22.8,17.5,0.0,0.0,0.0,29411.0,
2014-08-18,23.0,18.4,0.0,0.0,0.0,29411.0,
2014-08-19,22.5,19.2,0.0,0.0,0.0,29411.0,
2014-08-20,20.8,16.9,0.0,0.0,0.0,29411.0,
2014-08-21,19.3,16.1,0.0,0.0,0.0,29411.0,
2014-08-22,21.3,16.8,0.0,0.0,0.0,29411.0,
2014-08-23,21.7,16.4,0.0,0.0,0.0,29411.0,
2014-08-24,22.4,17.7,0.0,0.0,0.0,29411.0,
2014-08-25,23.3,18.0,0.0,0.0,0.0,29411.0,
2014-08-26,23.4,19.1,0.0,0.0,0.0,29411.0,
2014-08-27,23.2,18.7,0.0,0.0,0.0,29411.0,
2014-08-28,20.6,17.6,0.0,0.0,0.0,29411.0,
2014-08-29,20.5,16.7,0.0,0.0,0.0,29411.0,
2014-08-30,19.5,15.5,1.0,0.0,1.0,29411.0,
2014-08-31,18.9,14.9,0.0,0.0,0.0,29411.0,
2014-09-01,18.2,14.5,0.4,0.0,0.4,29411.0,
2014-09-02,16.7,14.4,4.0,0.0,4.0,29411.0,
2014-09-03,18.3,14.5,0.0,0.0,0.0,29411.0,
2014-09-04,18.2,14.6,0.0,0.0,0.0,29411.0,
2014-09-05,19.9,15.4,0.0,0.0,0.0,29411.0,
2014-09-06,22.0,17.0,0.0,0.0,0.0,29411.0,
2014-09-07,22.7,16.1,0.0,0.0,0.0,29411.0,
2014-09-08,19.9,15.9,0.0,0.0,0.0,29411.0,
2014-09-09,19.2,15.3,0.0,0.0,0.0,29411.0,
2014-09-10,18.8,14.6,0.0,0.0,0.0,29411.0,
2014-09-11,19.1,13.5,0.0,0.0,0.0,29411.0,
2014-09-12,19.5,14.9,0.0,0.0,0.0,29411.0,
2014-09-13,19.7,15.9,0.0,0.0,0.0,29411.0,
2014-09-14,19.9,15.5,0.0,0.0,0.0,29411.0,
2014-09-15,20.0,14.5,0.0,0.0,0.0,29411.0,
2014-09-16,19.6,15.1,0.0,0.0,0.0,29411.0,
2014-09-17,17.0,15.1,2.6,0.0,2.6,29411.0,
2014-09-18,16.7,15.1,0.8,0.0,0.8,29411.0,
2014-09-19,16.6,13.9,0.6,0.0,0.6,29411.0,
2014-09-20,17.4,13.4,0.1,0.0,0.1,29411.0,
2014-09-21,20.6,14.1,0.0,0.0,0.0,29411.0,
2014-09-22,16.1,14.2,0.0,0.0,0.0,29411.0,
2014-09-23,15.3,13.5,28.0,0.0,28.0,29411.0,
2014-09-24,15.8,12.7,5.2,0.0,5.2,29411.0,
2014-09-25,14.9,11.6,8.9,0.0,8.9,29411.0,
2014-09-26,14.5,11.8,3.6,0.0,3.6,29411.0,
2014-09-27,14.9,10.4,0.4,0.0,0.4,29411.0,
2014-09-28,15.9,11.7,0.3,0.0,0.3,29411.0,
2014-09-29,14.7,12.9,0.6,0.0,0.6,29411.0,
2014-09-30,16.3,13.1,0.0,0.0,0.0,29411.0,
2014-10-01,15.3,13.7,0.0,0.0,0.0,29411.0,
2014-10-02,14.8,11.6,0.0,0.0,0.0,29411.0,
2014-10-03,15.4,11.7,1.7,0.0,1.7,29411.0,
2014-10-04,16.4,13.4,0.2,0.0,0.2,29411.0,
2014-10-05,17.9,14.2,0.0,0.0,0.0,29411.0,
2014-10-06,17.1,13.0,0.0,0.0,0.0,29411.0,
2014-10-07,17.2,15.0,0.0,0.0,0.0,29411.0,
2014-10-08,17.4,12.7,0.0,0.0,0.0,29411.0,
2014-10-09,15.3,12.1,0.0,0.0,0.0,29411.0,
2014-10-10,14.9,12.1,8.2,0.0,8.2,29411.0,
2014-10-11,16.6,11.4,0.1,0.0,0.1,29411.0,
2014-10-12,14.3,10.5,1.4,0.0,1.4,29411.0,
2014-10-13,14.4,11.3,11.8,0.0,11.8,29411.0,
2014-10-14,12.9,10.9,4.6,0.0,4.6,29411.0,
2014-10-15,12.7,10.5,5.2,0.0,5.2,29411.0,
2014-10-16,13.3,11.1,0.6,0.0,0.6,29411.0,
2014-10-17,12.9,11.3,8.2,0.0,8.2,29411.0,
2014-10-18,14.7,11.1,1.2,0.0,1.2,29411.0,
2014-10-19,14.5,11.8,7.5,0.0,7.5,29411.0,
2014-10-20,14.5,10.8,1.4,0.0,1.4,29411.0,
2014-10-21,13.0,11.1,36.1,0.0,36.1,29411.0,
2014-10-22,13.2,10.3,14.4,0.0,14.4,29411.0,
2014-10-23,12.6,9.3,6.0,0.0,6.0,29411.0,
2014-10-24,11.7,8.9,16.6,0.0,16.6,29411.0,
2014-10-25,10.6,8.4,16.0,0.0,16.0,29411.0,
2014-10-26,11.8,8.2,0.6,0.0,0.6,29411.0,
2014-10-27,11.8,8.4,17.8,0.0,17.8,29411.0,
2014-10-28,13.0,9.9,9.8,0.0,9.8,29411.0,
2014-10-29,15.5,11.5,2.0,0.0,2.0,29411.0,
2014-10-30,12.1,10.8,20.0,0.0,20.0,29411.0,
2014-10-31,12.2,9.3,0.0,0.0,0.0,29411.0,
2014-11-01,11.0,8.6,0.1,0.0,0.1,29411.0,
2014-11-02,10.3,7.7,4.4,0.0,4.4,29411.0,
2014-11-03,11.9,9.7,12.7,0.0,12.7,29411.0,
2014-11-04,12.7,10.3,0.4,0.0,0.4,29411.0,
2014-11-05,11.6,10.2,10.0,0.0,10.0,29411.0,
2014-11-06,16.5,10.9,3.6,0.0,3.6,29411.0,
2014-11-07,11.9,8.1,0.1,0.0,0.1,29411.0,
2014-11-08,9.6,7.0,1.8,0.0,1.8,29411.0,
2014-11-09,11.3,8.7,0.7,0.0,0.7,29411.0,
2014-11-10,10.5,7.1,0.8,0.0,0.8,29411.0,
2014-11-11,9.0,6.0,0.0,0.0,0.0,29411.0,
2014-11-12,7.0,4.3,0.0,0.0,0.0,29411.0,
2014-11-13,6.4,2.0,0.0,0.0,0.0,29411.0,
2014-11-14,6.7,2.9,0.0,0.0,0.0,29411.0,
2014-11-15,7.3,2.0,0.0,0.0,0.0,29411.0,
2014-11-16,6.0,2.3,0.0,0.0,0.0,29411.0,
2014-11-17,6.6,2.6,0.0,0.0,0.0,29411.0,
2014-11-18,7.3,3.0,0.0,0.0,0.0,29411.0,
2014-11-19,7.0,4.6,1.8,0.0,1.8,29411.0,
2014-11-20,9.7,6.5,2.6,0.0,2.6,29411.0,
2014-11-21,10.5,9.2,17.4,0.0,17.4,29411.0,
2014-11-22,9.8,6.7,7.7,0.0,7.7,29411.0,
2014-11-23,11.2,6.9,0.2,0.0,0.2,29411.0,
2014-11-24,8.9,6.3,10.6,0.0,10.6,29411.0,
2014-11-25,8.6,6.1,20.2,0.0,20.2,29411.0,
2014-11-26,12.5,6.0,8.0,0.0,8.0,29411.0,
2014-11-27,15.0,10.2,6.7,0.0,6.7,29411.0,
2014-11-28,14.4,0.8,0.0,0.0,0.0,29411.0,
2014-11-29,1.9,-1.0,0.0,0.0,0.0,29411.0,
2014-11-30,2.0,-1.5,0.0,0.0,0.0,29411.0,
2014-12-01,3.8,0.3,0.2,0.0,0.2,29411.0,
2014-12-02,5.0,1.8,0.0,0.0,0.0,29411.0,
2014-12-03,5.1,2.1,0.2,0.0,0.2,29411.0,
2014-12-04,5.3,3.0,2.5,0.0,2.5,29411.0,
2014-12-05,7.9,4.5,8.6,0.0,8.6,29411.0,
2014-12-06,9.8,7.4,0.5,0.0,0.5,29411.0,
2014-12-07,10.0,8.2,2.6,0.0,2.6,29411.0,
2014-12-08,10.3,8.1,42.0,0.0,42.0,29411.0,
2014-12-09,15.4,9.5,41.2,0.0,41.2,29411.0,
2014-12-10,13.3,9.3,14.9,0.0,14.9,29411.0,
2014-12-11,11.1,7.9,22.6,0.0,22.6,29411.0,
2014-12-12,11.3,6.7,0.0,0.0,0.0,29411.0,
2014-12-13,7.5,6.1,0.0,0.0,0.0,29411.0,
2014-12-14,8.4,3.3,0.2,0.0,0.2,29411.0,
2014-12-15,7.3,3.6,1.2,0.0,1.2,29411.0,
2014-12-16,7.8,5.4,1.4,0.0,1.4,29411.0,
2014-12-17,7.5,6.5,1.6,0.0,1.6,29411.0,132.0
2014-12-18,8.8,6.8,12.2,0.0,12.2,29411.0,
2014-12-19,9.7,7.7,11.1,0.0,11.1,29411.0,
2014-12-20,9.1,7.0,21.2,0.0,21.2,29411.0,
2014-12-21,11.2,7.0,0.3,0.0,0.3,29411.0,
2014-12-22,9.3,6.1,0.6,0.0,0.6,29411.0,
2014-12-23,7.9,6.4,0.0,0.0,0.0,29411.0,
2014-12-24,7.7,6.1,2.0,0.0,2.0,29411.0,
2014-12-25,7.1,4.9,0.0,0.0,0.0,29411.0,
2014-12-26,6.1,5.0,4.0,0.0,4.0,29411.0,
2014-12-27,7.2,5.1,1.0,0.0,1.0,29411.0,
2014-12-28,7.0,4.9,0.0,0.0,0.0,29411.0,
2014-12-29,5.7,1.9,0.0,0.0,0.0,29411.0,
2014-12-30,4.4,-0.6,0.0,0.0,0.0,29411.0,
2014-12-31,4.0,1.3,0.0,0.0,0.0,29411.0,
2015-01-01,4.6,1.9,0.7,0.0,0.7,29411.0,
2015-01-02,5.6,2.9,0.3,0.0,0.3,29411.0,
2015-01-03,5.6,3.6,12.0,0.0,12.0,29411.0,
2015-01-04,6.8,3.6,27.7,0.0,27.7,29411.0,
2015-01-05,7.4,5.5,4.8,0.0,4.8,29411.0,
2015-01-06,9.0,6.7,0.6,0.0,0.6,29411.0,
2015-01-07,8.4,5.6,0.4,0.0,0.4,29411.0,
2015-01-08,5.7,3.8,0.2,0.0,0.2,29411.0,
2015-01-09,6.1,3.1,2.2,0.0,2.2,29411.0,
2015-01-10,6.5,5.5,0.6,0.0,0.6,29411.0,
2015-01-11,6.5,5.8,0.4,0.0,0.4,29411.0,
2015-01-12,6.9,6.2,0.3,0.0,0.3,29411.0,
2015-01-13,6.4,5.1,0.3,0.0,0.3,29411.0,
2015-01-14,6.2,3.8,0.3,0.0,0.3,29411.0,
2015-01-15,8.1,3.9,12.0,0.0,12.0,29411.0,
2015-01-16,11.8,7.1,0.0,0.0,0.0,29411.0,
2015-01-17,8.0,6.2,30.3,0.0,30.3,29411.0,
2015-01-18,12.3,6.5,1.9,0.0,1.9,29411.0,
2015-01-19,9.5,4.6,0.3,0.0,0.3,29411.0,
2015-01-20,9.1,4.7,0.2,0.0,0.2,29411.0,
2015-01-21,6.4,3.7,7.2,0.0,7.2,29411.0,
2015-01-22,7.9,5.7,4.0,0.0,4.0,29411.0,
2015-01-23,11.3,7.7,5.0,0.0,5.0,29411.0,
2015-01-24,9.8,8.3,0.3,0.0,0.3,29411.0,
2015-01-25,12.3,8.6,0.4,0.0,0.4,29411.0,
2015-01-26,10.1,6.3,0.4,0.0,0.4,29411.0,
2015-01-27,9.1,6.7,0.3,0.0,0.3,29411.0,
2015-01-28,9.9,5.8,0.2,0.0,0.2,29411.0,
2015-01-29,7.9,5.7,0.2,0.0,0.2,29411.0,
2015-01-30,6.6,3.8,0.2,0.0,0.2,29411.0,
2015-01-31,6.5,4.1,2.0,0.0,2.0,29411.0,
2015-02-01,8.0,6.0,1.4,0.0,1.4,29411.0,
2015-02-02,8.1,7.1,3.4,0.0,3.4,29411.0,
2015-02-03,8.0,7.2,0.9,0.0,0.9,29411.0,
2015-02-04,7.8,6.8,27.7,0.0,27.7,29411.0,
2015-02-05,11.5,7.1,44.2,0.0,44.2,29411.0,
2015-02-06,13.2,9.4,18.1,0.0,18.1,29411.0,
2015-02-07,11.7,9.2,5.6,0.0,5.6,29411.0,
2015-02-08,12.1,9.0,9.1,0.0,9.1,29411.0,
2015-02-09,9.7,8.3,16.2,0.0,16.2,29411.0,
2015-02-10,10.0,8.4,0.0,0.0,0.0,29411.0,
2015-02-11,11.0,8.4,4.4,0.0,4.4,29411.0,
2015-02-12,9.6,8.2,5.7,0.0,5.7,29411.0,
2015-02-13,10.8,8.7,1.6,0.0,1.6,29411.0,
2015-02-14,10.7,8.5,0.0,0.0,0.0,29411.0,
2015-02-15,9.2,7.3,0.3,0.0,0.3,29411.0,
2015-02-16,8.2,5.1,0.2,0.0,0.2,29411.0,
2015-02-17,7.6,4.6,0.2,0.0,0.2,29411.0,
2015-02-18,9.7,5.9,0.1,0.0,0.1,29411.0,
2015-02-19,9.4,6.8,0.3,0.0,0.3,29411.0,
2015-02-20,8.8,7.2,0.0,0.0,0.0,29411.0,
2015-02-21,10.3,6.5,0.0,0.0,0.0,29411.0,
2015-02-22,9.0,4.8,0.0,0.0,0.0,29411.0,
2015-02-23,9.7,4.5,0.0,0.0,0.0,29411.0,
2015-02-24,10.2,4.5,0.1,0.0,0.1,29411.0,
2015-02-25,7.6,5.6,0.9,0.0,0.9,29411.0,
2015-02-26,8.0,6.6,22.0,0.0,22.0,29411.0,
2015-02-27,10.6,6.7,0.0,0.0,0.0,29411.0,
2015-02-28,10.3,5.9,0.0,0.0,0.0,29411.0,
2015-03-01,7.2,3.8,2.6,0.0,2.6,29411.0,
2015-03-02,9.7,5.1,0.2,0.0,0.2,29411.0,
2015-03-03,9.3,4.5,0.0,0.0,0.0,29411.0,
2015-03-04,7.7,3.4,0.0,0.0,0.0,29411.0,
2015-03-05,8.5,4.7,0.0,0.0,0.0,29411.0,
2015-03-06,9.7,6.0,0.0,0.0,0.0,29411.0,
2015-03-07,11.4,6.4,0.0,0.0,0.0,29411.0,
2015-03-08,10.0,6.8,0.0,0.0,0.0,29411.0,
2015-03-09,8.0,5.2,0.4,0.0,0.4,29411.0,
2015-03-10,7.9,5.1,0.4,0.0,0.4,29411.0,
2015-03-11,11.6,7.9,5.0,0.0,5.0,29411.0,
2015-03-12,12.9,9.2,0.1,0.0,0.1,29411.0,
2015-03-13,13.2,8.4,8.0,0.0,8.0,29411.0,
2015-03-14,14.9,8.6,0.4,0.0,0.4,29411.0,
2015-03-15,9.2,6.9,4.8,0.0,4.8,29411.0,
2015-03-16,11.6,6.6,0.2,0.0,0.2,29411.0,
2015-03-17,10.9,6.3,0.1,0.0,0.1,29411.0,
2015-03-18,10.7,6.3,0.4,0.0,0.4,29411.0,
2015-03-19,10.2,8.8,19.2,0.0,19.2,29411.0,
2015-03-20,10.4,8.2,14.0,0.0,14.0,29411.0,
2015-03-21,12.0,7.5,1.0,0.0,1.0,132.0,
2015-03-22,10.5,7.5,1.2,0.0,1.2,132.0,
2015-03-23,10.0,6.0,4.0,0.0,4.0,132.0,
2015-03-24,10.5,5.5,9.8,0.0,9.8,29411.0,
2015-03-25,10.0,7.4,4.4,0.0,4.4,29411.0,
2015-03-26,12.6,9.4,0.2,0.0,0.2,29411.0,
2015-03-27,14.8,8.5,0.0,0.0,0.0,29411.0,
2015-03-28,13.8,9.3,2.4,0.0,2.4,29411.0,
2015-03-29,9.9,8.8,6.1,0.0,6.1,29411.0,
2015-03-30,13.7,9.0,5.0,0.0,5.0,29411.0,
2015-03-31,11.3,7.1,1.0,0.0,1.0,29411.0,
2015-04-01,10.3,5.6,0.3,0.0,0.3,29411.0,
2015-04-02,10.4,5.6,0.0,0.0,0.0,29411.0,
2015-04-03,10.7,7.6,3.4,0.0,3.4,29411.0,
2015-04-04,9.1,6.2,5.6,0.0,5.6,29411.0,
2015-04-05,10.6,5.5,0.0,0.0,0.0,29411.0,
2015-04-06,11.5,8.3,0.4,0.0,0.4,29411.0,
2015-04-07,12.2,6.2,0.0,0.0,0.0,29411.0,
2015-04-08,14.8,8.0,0.0,0.0,0.0,29411.0,
2015-04-09,12.5,8.5,0.0,0.0,0.0,29411.0,
2015-04-10,11.0,7.6,1.4,0.0,1.4,29411.0,
2015-04-11,11.6,6.9,0.0,0.0,0.0,29411.0,
2015-04-12,10.2,6.3,0.4,0.0,0.4,29411.0,
2015-04-13,9.0,6.8,2.6,0.0,2.6,29411.0,
2015-04-14,10.7,5.6,0.2,0.0,0.2,29411.0,
2015-04-15,11.3,6.0,0.0,0.0,0.0,29411.0,
2015-04-16,13.6,7.4,0.0,0.0,0.0,29411.0,
2015-04-17,13.9,9.9,0.0,0.0,0.0,29411.0,
2015-04-18,13.6,9.4,0.0,0.0,0.0,29411.0,
2015-04-19,13.9,10.2,0.0,0.0,0.0,29411.0,
2015-04-20,16.3,11.3,0.0,0.0,0.0,29411.0,
2015-04-21,13.5,7.8,1.6,0.0,1.6,29411.0,
2015-04-22,12.2,7.6,0.4,0.0,0.4,29411.0,
2015-04-23,10.9,7.5,5.2,0.0,5.2,29411.0,
2015-04-24,9.3,5.7,18.0,0.0,18.0,29411.0,
2015-04-25,12.1,6.0,0.2,0.0,0.2,29411.0,
2015-04-26,11.6,8.5,0.4,0.0,0.4,29411.0,
2015-04-27,14.2,9.6,0.6,0.0,0.6,29411.0,
2015-04-28,16.7,9.9,0.2,0.0,0.2,29411.0,
2015-04-29,13.9,8.6,0.0,0.0,0.0,29411.0,
2015-04-30,13.1,9.7,0.0,0.0,0.0,29411.0,
2015-05-01,15.5,10.0,0.0,0.0,0.0,29411.0,
2015-05-02,13.2,8.9,0.0,0.0,0.0,29411.0,
2015-05-03,15.2,9.9,0.0,0.0,0.0,29411.0,
2015-05-04,16.0,10.2,0.4,0.0,0.4,29411.0,
2015-05-05,13.9,8.3,0.4,0.0,0.4,29411.0,
2015-05-06,14.3,8.2,0.2,0.0,0.2,29411.0,
2015-05-07,16.1,10.2,0.0,0.0,0.0,29411.0,
2015-05-08,18.5,12.8,0.0,0.0,0.0,29411.0,
2015-05-09,18.3,12.4,0.0,0.0,0.0,29411.0,
2015-05-10,16.6,13.4,0.0,0.0,0.0,29411.0,
2015-05-11,16.4,12.4,1.4,0.0,1.4,29411.0,
2015-05-12,16.6,12.4,0.8,0.0,0.8,29411.0,
2015-05-13,17.6,12.4,0.6,0.0,0.6,29411.0,
2015-05-14,15.1,11.0,0.0,0.0,0.0,29411.0,
2015-05-15,16.7,12.9,0.0,0.0,0.0,29411.0,
2015-05-16,17.1,13.6,0.0,0.0,0.0,29411.0,
2015-05-17,18.2,12.4,0.0,0.0,0.0,29411.0,
2015-05-18,18.6,13.2,0.0,0.0,0.0,29411.0,
2015-05-19,21.4,15.8,0.0,0.0,0.0,29411.0,
2015-05-20,20.5,13.9,0.0,0.0,0.0,29411.0,
2015-05-21,22.6,15.3,0.0,0.0,0.0,29411.0,
2015-05-22,18.9,14.7,0.0,0.0,0.0,29411.0,
2015-05-23,16.5,13.1,0.0,0.0,0.0,29411.0,
2015-05-24,16.7,13.1,0.0,0.0,0.0,29411.0,
2015-05-25,16.0,12.5,0.0,0.0,0.0,29411.0,
2015-05-26,18.7,13.5,0.0,0.0,0.0,29411.0,
2015-05-27,19.9,14.3,0.0,0.0,0.0,29411.0,
2015-05-28,21.1,15.7,0.0,0.0,0.0,29411.0,
2015-05-29,21.1,15.6,0.0,0.0,0.0,29411.0,
2015-05-30,19.2,15.5,0.0,0.0,0.0,29411.0,
2015-05-31,21.0,14.3,0.0,0.0,0.0,29411.0,
2015-06-01,20.9,15.0,9.4,0.0,9.4,29411.0,
2015-06-02,16.2,12.5,0.2,0.0,0.2,29411.0,
2015-06-03,17.6,13.0,1.6,0.0,1.6,29411.0,
2015-06-04,19.7,13.5,0.0,0.0,0.0,29411.0,
2015-06-05,22.7,14.8,0.0,0.0,0.0,29411.0,
2015-06-06,23.1,17.0,0.0,0.0,0.0,29411.0,
2015-06-07,24.7,18.1,0.0,0.0,0.0,29411.0,
2015-06-08,23.3,17.5,0.0,0.0,0.0,29411.0,
2015-06-09,20.9,15.1,0.0,0.0,0.0,29411.0,
2015-06-10,21.1,15.0,0.0,0.0,0.0,29411.0,
2015-06-11,20.1,15.7,0.0,0.0,0.0,29411.0,
2015-06-12,19.5,13.4,0.0,0.0,0.0,29411.0,
2015-06-13,17.9,12.9,0.0,0.0,0.0,29411.0,
2015-06-14,19.3,14.1,0.0,0.0,0.0,29411.0,
2015-06-15,22.6,15.1,0.0,0.0,0.0,29411.0,
2015-06-16,18.0,14.0,0.0,0.0,0.0,132.0,
2015-06-17,19.8,14.7,0.0,0.0,0.0,29411.0,
2015-06-18,18.2,15.3,0.0,0.0,0.0,29411.0,
2015-06-19,20.2,14.2,0.2,0.0,0.2,29411.0,
2015-06-20,18.7,14.5,0.0,0.0,0.0,29411.0,
2015-06-21,21.7,15.2,0.0,0.0,0.0,29411.0,
2015-06-22,19.9,15.3,0.0,0.0,0.0,29411.0,
2015-06-23,18.6,14.9,0.0,0.0,0.0,29411.0,
2015-06-24,18.9,15.7,1.7,0.0,1.7,29411.0,
2015-06-25,23.5,15.7,0.2,0.0,0.2,29411.0,
2015-06-26,23.3,18.1,0.0,0.0,0.0,29411.0,
2015-06-27,25.5,18.5,0.0,0.0,0.0,29411.0,
2015-06-28,26.4,19.6,0.8,0.0,0.8,29411.0,
2015-06-29,25.5,19.4,0.0,0.0,0.0,29411.0,
2015-06-30,23.6,19.5,0.0,0.0,0.0,29411.0,
2015-07-01,24.6,17.2,0.0,0.0,0.0,29411.0,
2015-07-02,26.0,18.2,0.0,0.0,0.0,29411.0,
2015-07-03,25.0,18.4,0.0,0.0,0.0,29411.0,
2015-07-04,24.2,18.2,0.0,0.0,0.0,29411.0,
2015-07-05,24.8,18.1,0.0,0.0,0.0,29411.0,
2015-07-06,21.8,17.0,0.0,0.0,0.0,29411.0,
2015-07-07,19.6,15.9,0.0,0.0,0.0,29411.0,
2015-07-08,21.5,15.7,0.0,0.0,0.0,29411.0,
2015-07-09,21.2,16.1,0.0,0.0,0.0,29411.0,
2015-07-10,19.3,15.1,0.0,0.0,0.0,29411.0,
2015-07-11,15.7,13.9,5.2,0.0,5.2,29411.0,
2015-07-12,17.0,13.6,0.2,0.0,0.2,29411.0,
2015-07-13,22.0,13.6,0.0,0.0,0.0,29411.0,
2015-07-14,20.9,16.0,0.0,0.0,0.0,29411.0,
2015-07-15,21.9,17.9,0.0,0.0,0.0,29411.0,
2015-07-16,21.0,16.2,0.0,0.0,0.0,29411.0,
2015-07-17,23.8,16.7,0.0,0.0,0.0,29411.0,
2015-07-18,26.2,18.3,0.0,0.0,0.0,29411.0,
2015-07-19,24.7,18.2,0.0,0.0,0.0,29411.0,
2015-07-20,23.0,17.4,0.0,0.0,0.0,29411.0,
2015-07-21,20.3,16.6,0.0,0.0,0.0,29411.0,
2015-07-22,18.6,16.2,0.0,0.0,0.0,29411.0,
2015-07-23,20.1,15.7,6.0,0.0,6.0,29411.0,
2015-07-24,18.6,14.0,1.5,0.0,1.5,29411.0,
2015-07-25,18.5,14.4,1.2,0.0,1.2,29411.0,
2015-07-26,18.8,14.0,0.2,0.0,0.2,29411.0,
2015-07-27,20.9,14.1,0.0,0.0,0.0,29411.0,
2015-07-28,21.3,16.3,0.0,0.0,0.0,29411.0,
2015-07-29,23.8,16.1,0.0,0.0,0.0,29411.0,
2015-07-30,25.0,18.8,0.0,0.0,0.0,29411.0,
2015-07-31,24.3,18.3,0.0,0.0,0.0,29411.0,
2015-08-01,24.0,18.7,0.0,0.0,0.0,29411.0,
2015-08-02,23.0,18.1,0.0,0.0,0.0,29411.0,
2015-08-03,21.9,17.9,0.0,0.0,0.0,29411.0,
2015-08-04,20.5,16.5,0.0,0.0,0.0,29411.0,
2015-08-05,19.1,15.8,0.0,0.0,0.0,29411.0,
2015-08-06,19.4,16.4,0.0,0.0,0.0,29411.0,
2015-08-07,22.3,16.3,0.0,0.0,0.0,29411.0,
2015-08-08,18.5,16.3,2.8,0.0,2.8,29411.0,
2015-08-09,20.3,16.1,0.0,0.0,0.0,29411.0,
2015-08-10,20.7,15.9,0.0,0.0,0.0,29411.0,
2015-08-11,23.0,14.5,0.0,0.0,0.0,132.0,
2015-08-12,24.5,17.5,0.0,0.0,0.0,132.0,
2015-08-13,22.0,18.1,0.0,0.0,0.0,29411.0,
2015-08-14,21.7,17.2,1.0,0.0,1.0,29411.0,
2015-08-15,19.0,15.6,0.3,0.0,0.3,29411.0,
2015-08-16,20.1,15.2,0.0,0.0,0.0,29411.0,
2015-08-17,21.3,16.8,0.0,0.0,0.0,29411.0,
2015-08-18,23.6,17.7,0.0,0.0,0.0,29411.0,
2015-08-19,22.4,18.8,0.0,0.0,0.0,29411.0,
2015-08-20,19.4,16.3,0.0,0.0,0.0,29411.0,
2015-08-21,19.7,15.6,0.0,0.0,0.0,29411.0,
2015-08-22,20.9,14.8,0.0,0.0,0.0,29411.0,
2015-08-23,20.3,17.0,0.0,0.0,0.0,29411.0,
2015-08-24,19.8,15.6,0.0,0.0,0.0,29411.0,
2015-08-25,20.8,15.5,0.0,0.0,0.0,29411.0,
2015-08-26,22.2,16.3,0.0,0.0,0.0,29411.0,
2015-08-27,19.9,16.2,0.0,0.0,0.0,29411.0,
2015-08-28,22.2,15.9,15.4,0.0,15.4,29411.0,
2015-08-29,19.9,13.8,6.0,0.0,6.0,29411.0,
2015-08-30,18.7,13.1,0.2,0.0,0.2,29411.0,
2015-08-31,19.5,12.9,2.0,0.0,2.0,29411.0,
2015-09-01,16.7,12.7,1.0,0.0,1.0,29411.0,
2015-09-02,15.4,11.3,2.8,0.0,2.8,29411.0,
2015-09-03,14.1,9.9,1.8,0.0,1.8,29411.0,
2015-09-04,15.9,10.3,0.0,0.0,0.0,29411.0,
2015-09-05,16.3,12.9,5.0,0.0,5.0,29411.0,
2015-09-06,16.6,11.5,0.2,0.0,0.2,29411.0,
2015-09-07,16.4,13.1,0.6,0.0,0.6,29411.0,
2015-09-08,16.4,14.4,0.0,0.0,0.0,29411.0,
2015-09-09,18.1,14.1,0.0,0.0,0.0,29411.0,
2015-09-10,18.9,14.1,0.0,0.0,0.0,29411.0,
2015-09-11,19.6,15.5,0.0,0.0,0.0,29411.0,
2015-09-12,20.5,15.5,0.0,0.0,0.0,29411.0,
2015-09-13,18.2,14.4,0.0,0.0,0.0,29411.0,
2015-09-14,15.2,12.5,0.3,0.0,0.3,29411.0,
2015-09-15,14.9,11.3,0.8,0.0,0.8,29411.0,
2015-09-16,15.4,12.9,5.6,0.0,5.6,29411.0,
2015-09-17,15.1,12.8,0.4,0.0,0.4,29411.0,
2015-09-18,15.0,11.5,1.4,0.0,1.4,132.0,
2015-09-19,18.1,13.5,1.0,0.0,1.0,29411.0,
2015-09-20,21.3,11.8,0.6,0.0,0.6,29411.0,
2015-09-21,15.8,11.5,0.2,0.0,0.2,29411.0,
2015-09-22,14.3,10.5,0.2,0.0,0.2,29411.0,
2015-09-23,13.4,11.3,1.4,0.0,1.4,29411.0,
2015-09-24,14.1,12.6,7.0,0.0,7.0,29411.0,
2015-09-25,15.3,11.2,0.0,0.0,0.0,29411.0,
2015-09-26,14.0,10.8,0.0,0.0,0.0,29411.0,
2015-09-27,14.5,10.8,0.0,0.0,0.0,29411.0,
2015-09-28,15.7,12.2,0.0,0.0,0.0,29411.0,
2015-09-29,15.7,12.4,0.0,0.0,0.0,29411.0,
2015-09-30,15.3,11.5,0.0,0.0,0.0,29411.0,
2015-10-01,16.5,11.7,0.0,0.0,0.0,29411.0,
2015-10-02,14.6,11.6,0.0,0.0,0.0,29411.0,
2015-10-03,16.0,12.2,0.0,0.0,0.0,29411.0,
2015-10-04,14.8,11.8,0.0,0.0,0.0,29411.0,
2015-10-05,14.4,10.6,0.0,0.0,0.0,29411.0,
2015-10-06,15.2,11.7,3.2,0.0,3.2,29411.0,
2015-10-07,13.9,13.0,5.4,0.0,5.4,29411.0,
2015-10-08,14.6,12.9,0.4,0.0,0.4,29411.0,
2015-10-09,17.4,12.8,1.6,0.0,1.6,29411.0,
2015-10-10,17.7,12.6,12.4,0.0,12.4,29411.0,
2015-10-11,13.4,10.3,0.3,0.0,0.3,29411.0,
2015-10-12,13.1,11.3,2.2,0.0,2.2,29411.0,
2015-10-13,12.4,10.6,0.2,0.0,0.2,29411.0,
2015-10-14,13.0,10.2,0.2,0.0,0.2,29411.0,
2015-10-15,13.1,10.4,0.0,0.0,0.0,29411.0,
2015-10-16,13.5,10.5,0.1,0.0,0.1,29411.0,
2015-10-17,13.8,12.5,1.6,0.0,1.6,29411.0,
2015-10-18,13.4,12.7,0.4,0.0,0.4,29411.0,
2015-10-19,13.4,11.6,0.8,0.0,0.8,29411.0,
2015-10-20,13.6,10.2,0.2,0.0,0.2,29411.0,
2015-10-21,12.8,10.9,0.6,0.0,0.6,29411.0,
2015-10-22,12.7,9.9,0.2,0.0,0.2,29411.0,
2015-10-23,12.1,8.6,0.0,0.0,0.0,29411.0,
2015-10-24,11.4,9.8,0.6,0.0,0.6,29411.0,
2015-10-25,12.4,9.9,2.4,0.0,2.4,29411.0,
2015-10-26,13.3,10.4,0.5,0.0,0.5,29411.0,
2015-10-27,14.3,9.9,,,0.0,29411.0,45627.0
2015-10-28,,,,,,,
2015-10-29,,,,,,,
2015-10-30,,,,,,,
2015-10-31,,,,,,,
2015-11-01,,,,,,,
2015-11-02,,,,,,,
2015-11-03,,,,,,,
2015-11-04,,,,,,,
2015-11-05,,,,,,,
2015-11-06,,,,,,,
2015-11-07,,,,,,,
2015-11-08,,,,,,,
2015-11-09,,,,,,,
2015-11-10,,,,,,,
2015-11-11,,,,,,,
2015-11-12,,,,,,,
2015-11-13,,,,,,,
2015-11-14,,,,,,,
2015-11-15,,,,,,,
2015-11-16,,,,,,,
2015-11-17,,,,,,,
2015-11-18,,,,,,,
2015-11-19,,,,,,,
2015-11-20,,,,,,,
2015-11-21,,,,,,,
2015-11-22,,,,,,,
2015-11-23,,,,,,,
2015-11-24,,,,,,,
2015-11-25,,,,,,,
2015-11-26,,,,,,,
2015-11-27,,,,,,,
2015-11-28,,,,,,,
2015-11-29,,,,,,,
2015-11-30,,,,,,,
2015-12-01,,,,,,,
2015-12-02,,,,,,,
2015-12-03,,,,,,,
2015-12-04,,,,,,,
2015-12-05,,,,,,,
2015-12-06,,,,,,,
2015-12-07,,,,,,,
2015-12-08,,,,,,,
2015-12-09,,,,,,,
2015-12-10,,,,,,,
2015-12-11,,,,,,,
2015-12-12,,,,,,,
2015-12-13,,,,,,,
2015-12-14,,,,,,,
2015-12-15,,,,,,,
2015-12-16,,,,,,,
2015-12-17,,,,,,,
2015-12-18,,,,,,,
2015-12-19,,,,,,,
2015-12-20,,,,,,,
2015-12-21,,,,,,,
2015-12-22,,,,,,,
2015-12-23,,,,,,,
2015-12-24,,,,,,,
2015-12-25,,,,,,,
2015-12-26,,,,,,,
2015-12-27,,,,,,,
2015-12-28,,,,,,,
2015-12-29,,,,,,,
2015-12-30,,,,,,,
2015-12-31,,,,,,,
